id,species_id,name_en,name_hans,name_hant,name_jp
1,1,Bulbasaur,妙蛙种子,妙蛙種子,フシギダネ
2,2,Ivysaur,妙蛙草,妙蛙草,フシギソウ
3,3,Venusaur,妙蛙花,妙蛙花,フシギバナ
4,4,Charmander,小火龙,小火龍,ヒトカゲ
5,5,Charmeleon,火恐龙,火恐龍,リザード
6,6,Charizard,喷火龙,噴火龍,リザードン
7,7,Squirtle,杰尼龟,傑尼龜,ゼニガメ
8,8,Wartortle,卡咪龟,卡咪龜,カメール
9,9,Blastoise,水箭龟,水箭龜,カメックス
10,10,Caterpie,绿毛虫,綠毛蟲,キャタピー
11,11,Metapod,铁甲蛹,鐵甲蛹,トランセル
12,12,Butterfree,巴大蝶,巴大蝶,バタフリー
13,13,Weedle,独角虫,獨角蟲,ビードル
14,14,Kakuna,铁壳蛹,鐵殼蛹,コクーン
15,15,Beedrill,大针蜂,大針蜂,スピアー
16,16,Pidgey,波波,波波,ポッポ
17,17,Pidgeotto,比比鸟,比比鳥,ピジョン
18,18,Pidgeot,大比鸟,大比鳥,ピジョット
19,19,Rattata,小拉达,小拉達,コラッタ
20,20,Raticate,拉达,拉達,ラッタ
21,21,Spearow,烈雀,烈雀,オニスズメ
22,22,Fearow,大嘴雀,大嘴雀,オニドリル
23,23,Ekans,阿柏蛇,阿柏蛇,アーボ
24,24,Arbok,阿柏怪,阿柏怪,アーボック
25,25,Pikachu,皮卡丘,皮卡丘,ピカチュウ
26,26,Raichu,雷丘,雷丘,ライチュウ
27,27,Sandshrew,穿山鼠,穿山鼠,サンド
28,28,Sandslash,穿山王,穿山王,サンドパン
29,29,Nidoran ♂,尼多兰,尼多蘭,ニドラン♀
30,30,Nidorina,尼多娜,尼多娜,ニドリーナ
31,31,Nidoqueen,尼多后,尼多后,ニドクイン
32,32,Nidoran ♀,尼多朗,尼多朗,ニドラン♂
33,33,Nidorino,尼多力诺,尼多力諾,ニドリーノ
34,34,Nidoking,尼多王,尼多王,ニドキング
35,35,Clefairy,皮皮,皮皮,ピッピ
36,36,Clefable,皮可西,皮可西,ピクシー
37,37,Vulpix,六尾,六尾,ロコン
38,38,Ninetales,九尾,九尾,キュウコン
39,39,Jigglypuff,胖丁,胖丁,プリン
40,40,Wigglytuff,胖可丁,胖可丁,プクリン
41,41,Zubat,超音蝠,超音蝠,ズバット
42,42,Golbat,大嘴蝠,大嘴蝠,ゴルバット
43,43,Oddish,走路草,走路草,ナゾノクサ
44,44,Gloom,臭臭花,臭臭花,クサイハナ
45,45,Vileplume,霸王花,霸王花,ラフレシア
46,46,Paras,派拉斯,派拉斯,パラス
47,47,Parasect,派拉斯特,派拉斯特,パラセクト
48,48,Venonat,毛球,毛球,コンパン
49,49,Venomoth,摩鲁蛾,摩魯蛾,モルフォン
50,50,Diglett,地鼠,地鼠,ディグダ
51,51,Dugtrio,三地鼠,三地鼠,ダグトリオ
52,52,Meowth,喵喵,喵喵,ニャース
53,53,Persian,猫老大,貓老大,ペルシアン
54,54,Psyduck,可达鸭,可達鴨,コダック
55,55,Golduck,哥达鸭,哥達鴨,ゴルダック
56,56,Mankey,猴怪,猴怪,マンキー
57,57,Primeape,火暴猴,火爆猴,オコリザル
58,58,Growlithe,卡蒂狗,卡蒂狗,ガーディ
59,59,Arcanine,风速狗,風速狗,ウインディ
60,60,Poliwag,蚊香蝌蚪,蚊香蝌蚪,ニョロモ
61,61,Poliwhirl,蚊香君,蚊香君,ニョロゾ
62,62,Poliwrath,蚊香泳士,蚊香泳士,ニョロボン
63,63,Abra,凯西,凱西,ケーシィ
64,64,Kadabra,勇基拉,勇基拉,ユンゲラー
65,65,Alakazam,胡地,胡地,フーディン
66,66,Machop,腕力,腕力,ワンリキー
67,67,Machoke,豪力,豪力,ゴーリキー
68,68,Machamp,怪力,怪力,カイリキー
69,69,Bellsprout,喇叭芽,喇叭芽,マダツボミ
70,70,Weepinbell,口呆花,口呆花,ウツドン
71,71,Victreebel,大食花,大食花,ウツボット
72,72,Tentacool,玛瑙水母,瑪瑙水母,メノクラゲ
73,73,Tentacruel,毒刺水母,毒刺水母,ドククラゲ
74,74,Geodude,小拳石,小拳石,イシツブテ
75,75,Graveler,隆隆石,隆隆石,ゴローン
76,76,Golem,隆隆岩,隆隆岩,ゴローニャ
77,77,Ponyta,小火马,小火馬,ポニータ
78,78,Rapidash,烈焰马,烈焰馬,ギャロップ
79,79,Slowpoke,呆呆兽,呆呆獸,ヤドン
80,80,Slowbro,呆壳兽,呆殼獸,ヤドラン
81,81,Magnemite,小磁怪,小磁怪,コイル
82,82,Magneton,三合一磁怪,三合一磁怪,レアコイル
83,83,Farfetch’d,大葱鸭,大蔥鴨,カモネギ
84,84,Doduo,嘟嘟,嘟嘟,ドードー
85,85,Dodrio,嘟嘟利,嘟嘟利,ドードリオ
86,86,Seel,小海狮,小海獅,パウワウ
87,87,Dewgong,白海狮,白海獅,ジュゴン
88,88,Grimer,臭泥,臭泥,ベトベター
89,89,Muk,臭臭泥,臭臭泥,ベトベトン
90,90,Shellder,大舌贝,大舌貝,シェルダー
91,91,Cloyster,刺甲贝,刺甲貝,パルシェン
92,92,Gastly,鬼斯,鬼斯,ゴース
93,93,Haunter,鬼斯通,鬼斯通,ゴースト
94,94,Gengar,耿鬼,耿鬼,ゲンガー
95,95,Onix,大岩蛇,大岩蛇,イワーク
96,96,Drowzee,催眠貘,催眠貘,スリープ
97,97,Hypno,引梦貘人,引夢貘人,スリーパー
98,98,Krabby,大钳蟹,大鉗蟹,クラブ
99,99,Kingler,巨钳蟹,巨鉗蟹,キングラー
100,100,Voltorb,霹雳电球,霹靂電球,ビリリダマ
101,101,Electrode,顽皮雷弹,頑皮雷彈,マルマイン
102,102,Exeggcute,蛋蛋,蛋蛋,タマタマ
103,103,Exeggutor,椰蛋树,椰蛋樹,ナッシー
104,104,Cubone,卡拉卡拉,卡拉卡拉,カラカラ
105,105,Marowak,嘎啦嘎啦,嘎啦嘎啦,ガラガラ
106,106,Hitmonlee,飞腿郎,飛腿郎,サワムラー
107,107,Hitmonchan,快拳郎,快拳郎,エビワラー
108,108,Lickitung,大舌头,大舌頭,ベロリンガ
109,109,Koffing,瓦斯弹,瓦斯彈,ドガース
110,110,Weezing,双弹瓦斯,雙彈瓦斯,マタドガス
111,111,Rhyhorn,独角犀牛,獨角犀牛,サイホーン
112,112,Rhydon,钻角犀兽,鑽角犀獸,サイドン
113,113,Chansey,吉利蛋,吉利蛋,ラッキー
114,114,Tangela,蔓藤怪,蔓藤怪,モンジャラ
115,115,Kangaskhan,袋兽,袋獸,ガルーラ
116,116,Horsea,墨海马,墨海馬,タッツー
117,117,Seadra,海刺龙,海刺龍,シードラ
118,118,Goldeen,角金鱼,角金魚,トサキント
119,119,Seaking,金鱼王,金魚王,アズマオウ
120,120,Staryu,海星星,海星星,ヒトデマン
121,121,Starmie,宝石海星,寶石海星,スターミー
122,122,Mr. Mime,魔墙人偶,魔牆人偶,バリヤード
123,123,Scyther,飞天螳螂,飛天螳螂,ストライク
124,124,Jynx,迷唇姐,迷唇姐,ルージュラ
125,125,Electabuzz,电击兽,電擊獸,エレブー
126,126,Magmar,鸭嘴火兽,鴨嘴火獸,ブーバー
127,127,Pinsir,凯罗斯,凱羅斯,カイロス
128,128,Tauros,肯泰罗,肯泰羅,ケンタロス
129,129,Magikarp,鲤鱼王,鯉魚王,コイキング
130,130,Gyarados,暴鲤龙,暴鯉龍,ギャラドス
131,131,Lapras,拉普拉斯,拉普拉斯,ラプラス
132,132,Ditto,百变怪,百變怪,メタモン
133,133,Eevee,伊布,伊布,イーブイ
134,134,Vaporeon,水伊布,水伊布,シャワーズ
135,135,Jolteon,雷伊布,雷伊布,サンダース
136,136,Flareon,火伊布,火伊布,ブースター
137,137,Porygon,多边兽,多邊獸,ポリゴン
138,138,Omanyte,菊石兽,菊石獸,オムナイト
139,139,Omastar,多刺菊石兽,多刺菊石獸,オムスター
140,140,Kabuto,化石盔,化石盔,カブト
141,141,Kabutops,镰刀盔,鐮刀盔,カブトプス
142,142,Aerodactyl,化石翼龙,化石翼龍,プテラ
143,143,Snorlax,卡比兽,卡比獸,カビゴン
144,144,Articuno,急冻鸟,急凍鳥,フリーザー
145,145,Zapdos,闪电鸟,閃電鳥,サンダー
146,146,Moltres,火焰鸟,火焰鳥,ファイヤー
147,147,Dratini,迷你龙,迷你龍,ミニリュウ
148,148,Dragonair,哈克龙,哈克龍,ハクリュー
149,149,Dragonite,快龙,快龍,カイリュー
150,150,Mewtwo,超梦,超夢,ミュウツー
151,151,Mew,梦幻,夢幻,ミュウ
152,152,Chikorita,菊草叶,菊草葉,チコリータ
153,153,Bayleef,月桂叶,月桂葉,ベイリーフ
154,154,Meganium,大竺葵,大竺葵,メガニウム
155,155,Cyndaquil,火球鼠,火球鼠,ヒノアラシ
156,156,Quilava,火岩鼠,火岩鼠,マグマラシ
157,157,Typhlosion,火暴兽,火爆獸,バクフーン
158,158,Totodile,小锯鳄,小鋸鱷,ワニノコ
159,159,Croconaw,蓝鳄,藍鱷,アリゲイツ
160,160,Feraligatr,大力鳄,大力鱷,オーダイル
161,161,Sentret,尾立,尾立,オタチ
162,162,Furret,大尾立,大尾立,オオタチ
163,163,Hoothoot,咕咕,咕咕,ホーホー
164,164,Noctowl,猫头夜鹰,貓頭夜鷹,ヨルノズク
165,165,Ledyba,芭瓢虫,芭瓢蟲,レディバ
166,166,Ledian,安瓢虫,安瓢蟲,レディアン
167,167,Spinarak,圆丝蛛,圓絲蛛,イトマル
168,168,Ariados,阿利多斯,阿利多斯,アリアドス
169,169,Crobat,叉字蝠,叉字蝠,クロバット
170,170,Chinchou,灯笼鱼,燈籠魚,チョンチー
171,171,Lanturn,电灯怪,電燈怪,ランターン
172,172,Pichu,皮丘,皮丘,ピチュー
173,173,Cleffa,皮宝宝,皮寶寶,ピィ
174,174,Igglybuff,宝宝丁,寶寶丁,ププリン
175,175,Togepi,波克比,波克比,トゲピー
176,176,Togetic,波克基古,波克基古,トゲチック
177,177,Natu,天然雀,天然雀,ネイティ
178,178,Xatu,天然鸟,天然鳥,ネイティオ
179,179,Mareep,咩利羊,咩利羊,メリープ
180,180,Flaaffy,茸茸羊,茸茸羊,モココ
181,181,Ampharos,电龙,電龍,デンリュウ
182,182,Bellossom,美丽花,美麗花,キレイハナ
183,183,Marill,玛力露,瑪力露,マリル
184,184,Azumarill,玛力露丽,瑪力露麗,マリルリ
185,185,Sudowoodo,树才怪,樹才怪,ウソッキー
186,186,Politoed,蚊香蛙皇,蚊香蛙皇,ニョロトノ
187,187,Hoppip,毽子草,毽子草,ハネッコ
188,188,Skiploom,毽子花,毽子花,ポポッコ
189,189,Jumpluff,毽子棉,毽子棉,ワタッコ
190,190,Aipom,长尾怪手,長尾怪手,エイパム
191,191,Sunkern,向日种子,向日種子,ヒマナッツ
192,192,Sunflora,向日花怪,向日花怪,キマワリ
193,193,Yanma,蜻蜻蜓,蜻蜻蜓,ヤンヤンマ
194,194,Wooper,乌波,烏波,ウパー
195,195,Quagsire,沼王,沼王,ヌオー
196,196,Espeon,太阳伊布,太陽伊布,エーフィ
197,197,Umbreon,月亮伊布,月亮伊布,ブラッキー
198,198,Murkrow,黑暗鸦,黑暗鴉,ヤミカラス
199,199,Slowking,呆呆王,呆呆王,ヤドキング
200,200,Misdreavus,梦妖,夢妖,ムウマ
201,201,Unown,未知图腾,未知圖騰,アンノーン
202,202,Wobbuffet,果然翁,果然翁,ソーナンス
203,203,Girafarig,麒麟奇,麒麟奇,キリンリキ
204,204,Pineco,榛果球,榛果球,クヌギダマ
205,205,Forretress,佛烈托斯,佛烈托斯,フォレトス
206,206,Dunsparce,土龙弟弟,土龍弟弟,ノコッチ
207,207,Gligar,天蝎,天蠍,グライガー
208,208,Steelix,大钢蛇,大鋼蛇,ハガネール
209,209,Snubbull,布鲁,布魯,ブルー
210,210,Granbull,布鲁皇,布魯皇,グランブル
211,211,Qwilfish,千针鱼,千針魚,ハリーセン
212,212,Scizor,巨钳螳螂,巨鉗螳螂,ハッサム
213,213,Shuckle,壶壶,壺壺,ツボツボ
214,214,Heracross,赫拉克罗斯,赫拉克羅斯,ヘラクロス
215,215,Sneasel,狃拉,狃拉,ニューラ
216,216,Teddiursa,熊宝宝,熊寶寶,ヒメグマ
217,217,Ursaring,圈圈熊,圈圈熊,リングマ
218,218,Slugma,熔岩虫,熔岩蟲,マグマッグ
219,219,Magcargo,熔岩蜗牛,熔岩蝸牛,マグカルゴ
220,220,Swinub,小山猪,小山豬,ウリムー
221,221,Piloswine,长毛猪,長毛豬,イノムー
222,222,Corsola,太阳珊瑚,太陽珊瑚,サニーゴ
223,223,Remoraid,铁炮鱼,鐵炮魚,テッポウオ
224,224,Octillery,章鱼桶,章魚桶,オクタン
225,225,Delibird,信使鸟,信使鳥,デリバード
226,226,Mantine,巨翅飞鱼,巨翅飛魚,マンタイン
227,227,Skarmory,盔甲鸟,盔甲鳥,エアームド
228,228,Houndour,戴鲁比,戴魯比,デルビル
229,229,Houndoom,黑鲁加,黑魯加,ヘルガー
230,230,Kingdra,刺龙王,刺龍王,キングドラ
231,231,Phanpy,小小象,小小象,ゴマゾウ
232,232,Donphan,顿甲,頓甲,ドンファン
233,233,Porygon2,多边兽２型,多邊獸Ⅱ,ポリゴン２
234,234,Stantler,惊角鹿,驚角鹿,オドシシ
235,235,Smeargle,图图犬,圖圖犬,ドーブル
236,236,Tyrogue,无畏小子,無畏小子,バルキー
237,237,Hitmontop,战舞郎,戰舞郎,カポエラー
238,238,Smoochum,迷唇娃,迷唇娃,ムチュール
239,239,Elekid,电击怪,電擊怪,エレキッド
240,240,Magby,鸭嘴宝宝,鴨嘴寶寶,ブビィ
241,241,Miltank,大奶罐,大奶罐,ミルタンク
242,242,Blissey,幸福蛋,幸福蛋,ハピナス
243,243,Raikou,雷公,雷公,ライコウ
244,244,Entei,炎帝,炎帝,エンテイ
245,245,Suicune,水君,水君,スイクン
246,246,Larvitar,幼基拉斯,幼基拉斯,ヨーギラス
247,247,Pupitar,沙基拉斯,沙基拉斯,サナギラス
248,248,Tyranitar,班基拉斯,班基拉斯,バンギラス
249,249,Lugia,洛奇亚,洛奇亞,ルギア
250,250,Ho-Oh,凤王,鳳王,ホウオウ
251,251,Celebi,时拉比,時拉比,セレビィ
252,252,Treecko,木守宫,木守宮,キモリ
253,253,Grovyle,森林蜥蜴,森林蜥蜴,ジュプトル
254,254,Sceptile,蜥蜴王,蜥蜴王,ジュカイン
255,255,Torchic,火稚鸡,火稚雞,アチャモ
256,256,Combusken,力壮鸡,力壯雞,ワカシャモ
257,257,Blaziken,火焰鸡,火焰雞,バシャーモ
258,258,Mudkip,水跃鱼,水躍魚,ミズゴロウ
259,259,Marshtomp,沼跃鱼,沼躍魚,ヌマクロー
260,260,Swampert,巨沼怪,巨沼怪,ラグラージ
261,261,Poochyena,土狼犬,土狼犬,ポチエナ
262,262,Mightyena,大狼犬,大狼犬,グラエナ
263,263,Zigzagoon,蛇纹熊,蛇紋熊,ジグザグマ
264,264,Linoone,直冲熊,直衝熊,マッスグマ
265,265,Wurmple,刺尾虫,刺尾蟲,ケムッソ
266,266,Silcoon,甲壳茧,甲殼繭,カラサリス
267,267,Beautifly,狩猎凤蝶,狩獵鳳蝶,アゲハント
268,268,Cascoon,盾甲茧,盾甲繭,マユルド
269,269,Dustox,毒粉蛾,毒粉蛾,ドクケイル
270,270,Lotad,莲叶童子,蓮葉童子,ハスボー
271,271,Lombre,莲帽小童,蓮帽小童,ハスブレロ
272,272,Ludicolo,乐天河童,樂天河童,ルンパッパ
273,273,Seedot,橡实果,橡實果,タネボー
274,274,Nuzleaf,长鼻叶,長鼻葉,コノハナ
275,275,Shiftry,狡猾天狗,狡猾天狗,ダーテング
276,276,Taillow,傲骨燕,傲骨燕,スバメ
277,277,Swellow,大王燕,大王燕,オオスバメ
278,278,Wingull,长翅鸥,長翅鷗,キャモメ
279,279,Pelipper,大嘴鸥,大嘴鷗,ペリッパー
280,280,Ralts,拉鲁拉丝,拉魯拉絲,ラルトス
281,281,Kirlia,奇鲁莉安,奇魯莉安,キルリア
282,282,Gardevoir,沙奈朵,沙奈朵,サーナイト
283,283,Surskit,溜溜糖球,溜溜糖球,アメタマ
284,284,Masquerain,雨翅蛾,雨翅蛾,アメモース
285,285,Shroomish,蘑蘑菇,蘑蘑菇,キノココ
286,286,Breloom,斗笠菇,斗笠菇,キノガッサ
287,287,Slakoth,懒人獭,懶人獺,ナマケロ
288,288,Vigoroth,过动猿,過動猿,ヤルキモノ
289,289,Slaking,请假王,請假王,ケッキング
290,290,Nincada,土居忍士,土居忍士,ツチニン
291,291,Ninjask,铁面忍者,鐵面忍者,テッカニン
292,292,Shedinja,脱壳忍者,脫殼忍者,ヌケニン
293,293,Whismur,咕妞妞,咕妞妞,ゴニョニョ
294,294,Loudred,吼爆弹,吼爆彈,ドゴーム
295,295,Exploud,爆音怪,爆音怪,バクオング
296,296,Makuhita,幕下力士,幕下力士,マクノシタ
297,297,Hariyama,铁掌力士,鐵掌力士,ハリテヤマ
298,298,Azurill,露力丽,露力麗,ルリリ
299,299,Nosepass,朝北鼻,朝北鼻,ノズパス
300,300,Skitty,向尾喵,向尾喵,エネコ
301,301,Delcatty,优雅猫,優雅貓,エネコロロ
302,302,Sableye,勾魂眼,勾魂眼,ヤミラミ
303,303,Mawile,大嘴娃,大嘴娃,クチート
304,304,Aron,可可多拉,可可多拉,ココドラ
305,305,Lairon,可多拉,可多拉,コドラ
306,306,Aggron,波士可多拉,波士可多拉,ボスゴドラ
307,307,Meditite,玛沙那,瑪沙那,アサナン
308,308,Medicham,恰雷姆,恰雷姆,チャーレム
309,309,Electrike,落雷兽,落雷獸,ラクライ
310,310,Manectric,雷电兽,雷電獸,ライボルト
311,311,Plusle,正电拍拍,正電拍拍,プラスル
312,312,Minun,負电拍拍,負電拍拍,マイナン
313,313,Volbeat,电萤虫,電螢蟲,バルビート
314,314,Illumise,甜甜萤,甜甜螢,イルミーゼ
315,315,Roselia,毒蔷薇,毒薔薇,ロゼリア
316,316,Gulpin,溶食兽,溶食獸,ゴクリン
317,317,Swalot,吞食兽,吞食獸,マルノーム
318,318,Carvanha,利牙鱼,利牙魚,キバニア
319,319,Sharpedo,巨牙鲨,巨牙鯊,サメハダー
320,320,Wailmer,吼吼鲸,吼吼鯨,ホエルコ
321,321,Wailord,吼鲸王,吼鯨王,ホエルオー
322,322,Numel,呆火驼,呆火駝,ドンメル
323,323,Camerupt,喷火驼,噴火駝,バクーダ
324,324,Torkoal,煤炭龟,煤炭龜,コータス
325,325,Spoink,跳跳猪,跳跳豬,バネブー
326,326,Grumpig,噗噗猪,噗噗豬,ブーピッグ
327,327,Spinda,晃晃斑,晃晃斑,パッチール
328,328,Trapinch,大颚蚁,大顎蟻,ナックラー
329,329,Vibrava,超音波幼虫,超音波幼蟲,ビブラーバ
330,330,Flygon,沙漠蜻蜓,沙漠蜻蜓,フライゴン
331,331,Cacnea,刺球仙人掌,刺球仙人掌,サボネア
332,332,Cacturne,梦歌仙人掌,夢歌仙人掌,ノクタス
333,333,Swablu,青绵鸟,青綿鳥,チルット
334,334,Altaria,七夕青鸟,七夕青鳥,チルタリス
335,335,Zangoose,猫鼬斩,貓鼬斬,ザングース
336,336,Seviper,饭匙蛇,飯匙蛇,ハブネーク
337,337,Lunatone,月石,月石,ルナトーン
338,338,Solrock,太阳岩,太陽岩,ソルロック
339,339,Barboach,泥泥鳅,泥泥鰍,ドジョッチ
340,340,Whiscash,鲶鱼王,鯰魚王,ナマズン
341,341,Corphish,龙虾小兵,龍蝦小兵,ヘイガニ
342,342,Crawdaunt,铁螯龙虾,鐵螯龍蝦,シザリガー
343,343,Baltoy,天秤偶,天秤偶,ヤジロン
344,344,Claydol,念力土偶,念力土偶,ネンドール
345,345,Lileep,触手百合,觸手百合,リリーラ
346,346,Cradily,摇篮百合,搖籃百合,ユレイドル
347,347,Anorith,太古羽虫,太古羽蟲,アノプス
348,348,Armaldo,太古盔甲,太古盔甲,アーマルド
349,349,Feebas,丑丑鱼,醜醜魚,ヒンバス
350,350,Milotic,美纳斯,美納斯,ミロカロス
351,351,Castform,飘浮泡泡,飄浮泡泡,ポワルン
352,352,Kecleon,变隐龙,變隱龍,カクレオン
353,353,Shuppet,怨影娃娃,怨影娃娃,カゲボウズ
354,354,Banette,诅咒娃娃,詛咒娃娃,ジュペッタ
355,355,Duskull,夜巡灵,夜巡靈,ヨマワル
356,356,Dusclops,彷徨夜灵,彷徨夜靈,サマヨール
357,357,Tropius,热带龙,熱帶龍,トロピウス
358,358,Chimecho,风铃铃,風鈴鈴,チリーン
359,359,Absol,阿勃梭鲁,阿勃梭魯,アブソル
360,360,Wynaut,小果然,小果然,ソーナノ
361,361,Snorunt,雪童子,雪童子,ユキワラシ
362,362,Glalie,冰鬼护,冰鬼護,オニゴーリ
363,363,Spheal,海豹球,海豹球,タマザラシ
364,364,Sealeo,海魔狮,海魔獅,トドグラー
365,365,Walrein,帝牙海狮,帝牙海獅,トドゼルガ
366,366,Clamperl,珍珠贝,珍珠貝,パールル
367,367,Huntail,猎斑鱼,獵斑魚,ハンテール
368,368,Gorebyss,樱花鱼,櫻花魚,サクラビス
369,369,Relicanth,古空棘鱼,古空棘魚,ジーランス
370,370,Luvdisc,爱心鱼,愛心魚,ラブカス
371,371,Bagon,宝贝龙,寶貝龍,タツベイ
372,372,Shelgon,甲壳龙,甲殼龍,コモルー
373,373,Salamence,暴飞龙,暴飛龍,ボーマンダ
374,374,Beldum,铁哑铃,鐵啞鈴,ダンバル
375,375,Metang,金属怪,金屬怪,メタング
376,376,Metagross,巨金怪,巨金怪,メタグロス
377,377,Regirock,雷吉洛克,雷吉洛克,レジロック
378,378,Regice,雷吉艾斯,雷吉艾斯,レジアイス
379,379,Registeel,雷吉斯奇鲁,雷吉斯奇魯,レジスチル
380,380,Latias,拉帝亚斯,拉帝亞斯,ラティアス
381,381,Latios,拉帝欧斯,拉帝歐斯,ラティオス
382,382,Kyogre,盖欧卡,蓋歐卡,カイオーガ
383,383,Groudon,固拉多,固拉多,グラードン
384,384,Rayquaza,烈空坐,烈空坐,レックウザ
385,385,Jirachi,基拉祈,基拉祈,ジラーチ
386,386,Deoxys,代欧奇希斯,代歐奇希斯,デオキシス
387,387,Turtwig,草苗龟,草苗龜,ナエトル
388,388,Grotle,树林龟,樹林龜,ハヤシガメ
389,389,Torterra,土台龟,土台龜,ドダイトス
390,390,Chimchar,小火焰猴,小火焰猴,ヒコザル
391,391,Monferno,猛火猴,猛火猴,モウカザル
392,392,Infernape,烈焰猴,烈焰猴,ゴウカザル
393,393,Piplup,波加曼,波加曼,ポッチャマ
394,394,Prinplup,波皇子,波皇子,ポッタイシ
395,395,Empoleon,帝王拿波,帝王拿波,エンペルト
396,396,Starly,姆克儿,姆克兒,ムックル
397,397,Staravia,姆克鸟,姆克鳥,ムクバード
398,398,Staraptor,姆克鹰,姆克鷹,ムクホーク
399,399,Bidoof,大牙狸,大牙狸,ビッパ
400,400,Bibarel,大尾狸,大尾狸,ビーダル
401,401,Kricketot,圆法师,圓法師,コロボーシ
402,402,Kricketune,音箱蟀,音箱蟀,コロトック
403,403,Shinx,小猫怪,小貓怪,コリンク
404,404,Luxio,勒克猫,勒克貓,ルクシオ
405,405,Luxray,伦琴猫,倫琴貓,レントラー
406,406,Budew,含羞苞,含羞苞,スボミー
407,407,Roserade,罗丝雷朵,羅絲雷朵,ロズレイド
408,408,Cranidos,头盖龙,頭蓋龍,ズガイドス
409,409,Rampardos,战槌龙,戰槌龍,ラムパルド
410,410,Shieldon,盾甲龙,盾甲龍,タテトプス
411,411,Bastiodon,护城龙,護城龍,トリデプス
412,412,Burmy,结草儿,結草兒,ミノムッチ
413,413,Wormadam,结草贵妇,結草貴婦,ミノマダム
414,414,Mothim,绅士蛾,紳士蛾,ガーメイル
415,415,Combee,三蜜蜂,三蜜蜂,ミツハニー
416,416,Vespiquen,蜂女王,蜂女王,ビークイン
417,417,Pachirisu,帕奇利兹,帕奇利茲,パチリス
418,418,Buizel,泳圈鼬,泳圈鼬,ブイゼル
419,419,Floatzel,浮潜鼬,浮潛鼬,フローゼル
420,420,Cherubi,樱花宝,櫻花寶,チェリンボ
421,421,Cherrim,樱花儿,櫻花兒,チェリム
422,422,Shellos,无壳海兔,無殼海兔,カラナクシ
423,423,Gastrodon,海兔兽,海兔獸,トリトドン
424,424,Ambipom,双尾怪手,雙尾怪手,エテボース
425,425,Drifloon,飘飘球,飄飄球,フワンテ
426,426,Drifblim,随风球,隨風球,フワライド
427,427,Buneary,卷卷耳,捲捲耳,ミミロル
428,428,Lopunny,长耳兔,長耳兔,ミミロップ
429,429,Mismagius,梦妖魔,夢妖魔,ムウマージ
430,430,Honchkrow,乌鸦头头,烏鴉頭頭,ドンカラス
431,431,Glameow,魅力喵,魅力喵,ニャルマー
432,432,Purugly,东施喵,東施喵,ブニャット
433,433,Chingling,铃铛响,鈴鐺響,リーシャン
434,434,Stunky,臭鼬噗,臭鼬噗,スカンプー
435,435,Skuntank,坦克臭鼬,坦克臭鼬,スカタンク
436,436,Bronzor,铜镜怪,銅鏡怪,ドーミラー
437,437,Bronzong,青铜钟,青銅鐘,ドータクン
438,438,Bonsly,盆才怪,盆才怪,ウソハチ
439,439,Mime Jr.,魔尼尼,魔尼尼,マネネ
440,440,Happiny,小福蛋,小福蛋,ピンプク
441,441,Chatot,聒噪鸟,聒噪鳥,ペラップ
442,442,Spiritomb,花岩怪,花岩怪,ミカルゲ
443,443,Gible,圆陆鲨,圓陸鯊,フカマル
444,444,Gabite,尖牙陆鲨,尖牙陸鯊,ガバイト
445,445,Garchomp,烈咬陆鲨,烈咬陸鯊,ガブリアス
446,446,Munchlax,小卡比兽,小卡比獸,ゴンベ
447,447,Riolu,利欧路,利歐路,リオル
448,448,Lucario,路卡利欧,路卡利歐,ルカリオ
449,449,Hippopotas,沙河马,沙河馬,ヒポポタス
450,450,Hippowdon,河马兽,河馬獸,カバルドン
451,451,Skorupi,钳尾蝎,鉗尾蠍,スコルピ
452,452,Drapion,龙王蝎,龍王蠍,ドラピオン
453,453,Croagunk,不良蛙,不良蛙,グレッグル
454,454,Toxicroak,毒骷蛙,毒骷蛙,ドクロッグ
455,455,Carnivine,尖牙笼,尖牙籠,マスキッパ
456,456,Finneon,荧光鱼,螢光魚,ケイコウオ
457,457,Lumineon,霓虹鱼,霓虹魚,ネオラント
458,458,Mantyke,小球飞鱼,小球飛魚,タマンタ
459,459,Snover,雪笠怪,雪笠怪,ユキカブリ
460,460,Abomasnow,暴雪王,暴雪王,ユキノオー
461,461,Weavile,玛狃拉,瑪狃拉,マニューラ
462,462,Magnezone,自爆磁怪,自爆磁怪,ジバコイル
463,463,Lickilicky,大舌舔,大舌舔,ベロベルト
464,464,Rhyperior,超甲狂犀,超甲狂犀,ドサイドン
465,465,Tangrowth,巨蔓藤,巨蔓藤,モジャンボ
466,466,Electivire,电击魔兽,電擊魔獸,エレキブル
467,467,Magmortar,鸭嘴炎兽,鴨嘴炎獸,ブーバーン
468,468,Togekiss,波克基斯,波克基斯,トゲキッス
469,469,Yanmega,远古巨蜓,遠古巨蜓,メガヤンマ
470,470,Leafeon,叶伊布,葉伊布,リーフィア
471,471,Glaceon,冰伊布,冰伊布,グレイシア
472,472,Gliscor,天蝎王,天蠍王,グライオン
473,473,Mamoswine,象牙猪,象牙豬,マンムー
474,474,Porygon-Z,多边兽乙型,多邊獸Ｚ,ポリゴンＺ
475,475,Gallade,艾路雷朵,艾路雷朵,エルレイド
476,476,Probopass,大朝北鼻,大朝北鼻,ダイノーズ
477,477,Dusknoir,黑夜魔灵,黑夜魔靈,ヨノワール
478,478,Froslass,雪妖女,雪妖女,ユキメノコ
479,479,Rotom,洛托姆,洛托姆,ロトム
480,480,Uxie,由克希,由克希,ユクシー
481,481,Mesprit,艾姆利多,艾姆利多,エムリット
482,482,Azelf,亚克诺姆,亞克諾姆,アグノム
483,483,Dialga,帝牙卢卡,帝牙盧卡,ディアルガ
484,484,Palkia,帕路奇亚,帕路奇亞,パルキア
485,485,Heatran,席多蓝恩,席多藍恩,ヒードラン
486,486,Regigigas,雷吉奇卡斯,雷吉奇卡斯,レジギガス
487,487,Giratina,骑拉帝纳,騎拉帝納,ギラティナ
488,488,Cresselia,克雷色利亚,克雷色利亞,クレセリア
489,489,Phione,霏欧纳,霏歐納,フィオネ
490,490,Manaphy,玛纳霏,瑪納霏,マナフィ
491,491,Darkrai,达克莱伊,達克萊伊,ダークライ
492,492,Shaymin,谢米,謝米,シェイミ
493,493,Arceus,阿尔宙斯,阿爾宙斯,アルセウス
494,494,Victini,比克提尼,比克提尼,ビクティニ
495,495,Snivy,藤藤蛇,藤藤蛇,ツタージャ
496,496,Servine,青藤蛇,青藤蛇,ジャノビー
497,497,Serperior,君主蛇,君主蛇,ジャローダ
498,498,Tepig,暖暖猪,暖暖豬,ポカブ
499,499,Pignite,炒炒猪,炒炒豬,チャオブー
500,500,Emboar,炎武王,炎武王,エンブオー
501,501,Oshawott,水水獭,水水獺,ミジュマル
502,502,Dewott,双刃丸,雙刃丸,フタチマル
503,503,Samurott,大剑鬼,大劍鬼,ダイケンキ
504,504,Patrat,探探鼠,探探鼠,ミネズミ
505,505,Watchog,步哨鼠,步哨鼠,ミルホッグ
506,506,Lillipup,小约克,小約克,ヨーテリー
507,507,Herdier,哈约克,哈約克,ハーデリア
508,508,Stoutland,长毛狗,長毛狗,ムーランド
509,509,Purrloin,扒手猫,扒手貓,チョロネコ
510,510,Liepard,酷豹,酷豹,レパルダス
511,511,Pansage,花椰猴,花椰猴,ヤナップ
512,512,Simisage,花椰猿,花椰猿,ヤナッキー
513,513,Pansear,爆香猴,爆香猴,バオップ
514,514,Simisear,爆香猿,爆香猿,バオッキー
515,515,Panpour,冷水猴,冷水猴,ヒヤップ
516,516,Simipour,冷水猿,冷水猿,ヒヤッキー
517,517,Munna,食梦梦,食夢夢,ムンナ
518,518,Musharna,梦梦蚀,夢夢蝕,ムシャーナ
519,519,Pidove,豆豆鸽,豆豆鴿,マメパト
520,520,Tranquill,咕咕鸽,咕咕鴿,ハトーボー
521,521,Unfezant,高傲雉鸡,高傲雉雞,ケンホロウ
522,522,Blitzle,斑斑马,斑斑馬,シママ
523,523,Zebstrika,雷电斑马,雷電斑馬,ゼブライカ
524,524,Roggenrola,石丸子,石丸子,ダンゴロ
525,525,Boldore,地幔岩,地幔岩,ガントル
526,526,Gigalith,庞岩怪,龐岩怪,ギガイアス
527,527,Woobat,滚滚蝙蝠,滾滾蝙蝠,コロモリ
528,528,Swoobat,心蝙蝠,心蝙蝠,ココロモリ
529,529,Drilbur,螺钉地鼠,螺釘地鼠,モグリュー
530,530,Excadrill,龙头地鼠,龍頭地鼠,ドリュウズ
531,531,Audino,差不多娃娃,差不多娃娃,タブンネ
532,532,Timburr,搬运小匠,搬運小匠,ドッコラー
533,533,Gurdurr,铁骨土人,鐵骨土人,ドテッコツ
534,534,Conkeldurr,修建老匠,修建老匠,ローブシン
535,535,Tympole,圆蝌蚪,圓蝌蚪,オタマロ
536,536,Palpitoad,蓝蟾蜍,藍蟾蜍,ガマガル
537,537,Seismitoad,蟾蜍王,蟾蜍王,ガマゲロゲ
538,538,Throh,投摔鬼,投摔鬼,ナゲキ
539,539,Sawk,打击鬼,打擊鬼,ダゲキ
540,540,Sewaddle,虫宝包,蟲寶包,クルミル
541,541,Swadloon,宝包茧,寶包繭,クルマユ
542,542,Leavanny,保姆虫,保母蟲,ハハコモリ
543,543,Venipede,百足蜈蚣,百足蜈蚣,フシデ
544,544,Whirlipede,车轮球,車輪毬,ホイーガ
545,545,Scolipede,蜈蚣王,蜈蚣王,ペンドラー
546,546,Cottonee,木棉球,木棉球,モンメン
547,547,Whimsicott,风妖精,風妖精,エルフーン
548,548,Petilil,百合根娃娃,百合根娃娃,チュリネ
549,549,Lilligant,裙儿小姐,裙兒小姐,ドレディア
550,550,Basculin,野蛮鲈鱼,野蠻鱸魚,バスラオ
551,551,Sandile,黑眼鳄,黑眼鱷,メグロコ
552,552,Krokorok,混混鳄,混混鱷,ワルビル
553,553,Krookodile,流氓鳄,流氓鱷,ワルビアル
554,554,Darumaka,火红不倒翁,火紅不倒翁,ダルマッカ
555,555,Darmanitan,达摩狒狒,達摩狒狒,ヒヒダルマ
556,556,Maractus,沙铃仙人掌,沙鈴仙人掌,マラカッチ
557,557,Dwebble,石居蟹,石居蟹,イシズマイ
558,558,Crustle,岩殿居蟹,岩殿居蟹,イワパレス
559,559,Scraggy,滑滑小子,滑滑小子,ズルッグ
560,560,Scrafty,头巾混混,頭巾混混,ズルズキン
561,561,Sigilyph,象征鸟,象徵鳥,シンボラー
562,562,Yamask,哭哭面具,哭哭面具,デスマス
563,563,Cofagrigus,迭失棺,死神棺,デスカーン
564,564,Tirtouga,原盖海龟,原蓋海龜,プロトーガ
565,565,Carracosta,肋骨海龟,肋骨海龜,アバゴーラ
566,566,Archen,始祖小鸟,始祖小鳥,アーケン
567,567,Archeops,始祖大鸟,始祖大鳥,アーケオス
568,568,Trubbish,破破袋,破破袋,ヤブクロン
569,569,Garbodor,灰尘山,灰塵山,ダストダス
570,570,Zorua,索罗亚,索羅亞,ゾロア
571,571,Zoroark,索罗亚克,索羅亞克,ゾロアーク
572,572,Minccino,泡沫栗鼠,泡沫栗鼠,チラーミィ
573,573,Cinccino,奇诺栗鼠,奇諾栗鼠,チラチーノ
574,574,Gothita,哥德宝宝,哥德寶寶,ゴチム
575,575,Gothorita,哥德小童,哥德小童,ゴチミル
576,576,Gothitelle,哥德小姐,哥德小姐,ゴチルゼル
577,577,Solosis,单卵细胞球,單卵細胞球,ユニラン
578,578,Duosion,双卵细胞球,雙卵細胞球,ダブラン
579,579,Reuniclus,人造细胞卵,人造細胞卵,ランクルス
580,580,Ducklett,鸭宝宝,鴨寶寶,コアルヒー
581,581,Swanna,舞天鹅,舞天鵝,スワンナ
582,582,Vanillite,迷你冰,迷你冰,バニプッチ
583,583,Vanillish,多多冰,多多冰,バニリッチ
584,584,Vanilluxe,双倍多多冰,雙倍多多冰,バイバニラ
585,585,Deerling,四季鹿,四季鹿,シキジカ
586,586,Sawsbuck,萌芽鹿,萌芽鹿,メブキジカ
587,587,Emolga,电飞鼠,電飛鼠,エモンガ
588,588,Karrablast,盖盖虫,蓋蓋蟲,カブルモ
589,589,Escavalier,骑士蜗牛,騎士蝸牛,シュバルゴ
590,590,Foongus,哎呀球菇,哎呀球菇,タマゲタケ
591,591,Amoonguss,败露球菇,敗露球菇,モロバレル
592,592,Frillish,轻飘飘,輕飄飄,プルリル
593,593,Jellicent,胖嘟嘟,胖嘟嘟,ブルンゲル
594,594,Alomomola,保姆曼波,保母曼波,ママンボウ
595,595,Joltik,电电虫,電電蟲,バチュル
596,596,Galvantula,电蜘蛛,電蜘蛛,デンチュラ
597,597,Ferroseed,种子铁球,種子鐵球,テッシード
598,598,Ferrothorn,坚果哑铃,堅果啞鈴,ナットレイ
599,599,Klink,齿轮儿,齒輪兒,ギアル
600,600,Klang,齿轮组,齒輪組,ギギアル
601,601,Klinklang,齿轮怪,齒輪怪,ギギギアル
602,602,Tynamo,麻麻小鱼,麻麻小魚,シビシラス
603,603,Eelektrik,麻麻鳗,麻麻鰻,シビビール
604,604,Eelektross,麻麻鳗鱼王,麻麻鰻魚王,シビルドン
605,605,Elgyem,小灰怪,小灰怪,リグレー
606,606,Beheeyem,大宇怪,大宇怪,オーベム
607,607,Litwick,烛光灵,燭光靈,ヒトモシ
608,608,Lampent,灯火幽灵,燈火幽靈,ランプラー
609,609,Chandelure,水晶灯火灵,水晶燈火靈,シャンデラ
610,610,Axew,牙牙,牙牙,キバゴ
611,611,Fraxure,斧牙龙,斧牙龍,オノンド
612,612,Haxorus,双斧战龙,雙斧戰龍,オノノクス
613,613,Cubchoo,喷嚏熊,噴嚏熊,クマシュン
614,614,Beartic,冻原熊,凍原熊,ツンベアー
615,615,Cryogonal,几何雪花,幾何雪花,フリージオ
616,616,Shelmet,小嘴蜗,小嘴蝸,チョボマキ
617,617,Accelgor,敏捷虫,敏捷蟲,アギルダー
618,618,Stunfisk,泥巴鱼,泥巴魚,マッギョ
619,619,Mienfoo,功夫鼬,功夫鼬,コジョフー
620,620,Mienshao,师父鼬,師父鼬,コジョンド
621,621,Druddigon,赤面龙,赤面龍,クリムガン
622,622,Golett,泥偶小人,泥偶小人,ゴビット
623,623,Golurk,泥偶巨人,泥偶巨人,ゴルーグ
624,624,Pawniard,驹刀小兵,駒刀小兵,コマタナ
625,625,Bisharp,劈斩司令,劈斬司令,キリキザン
626,626,Bouffalant,爆炸头水牛,爆炸頭水牛,バッフロン
627,627,Rufflet,毛头小鹰,毛頭小鷹,ワシボン
628,628,Braviary,勇士雄鹰,勇士雄鷹,ウォーグル
629,629,Vullaby,秃鹰丫头,禿鷹丫頭,バルチャイ
630,630,Mandibuzz,秃鹰娜,禿鷹娜,バルジーナ
631,631,Heatmor,熔蚁兽,熔蟻獸,クイタラン
632,632,Durant,铁蚁,鐵蟻,アイアント
633,633,Deino,单首龙,單首龍,モノズ
634,634,Zweilous,双首暴龙,雙首暴龍,ジヘッド
635,635,Hydreigon,三首恶龙,三首惡龍,サザンドラ
636,636,Larvesta,燃烧虫,燃燒蟲,メラルバ
637,637,Volcarona,火神蛾,火神蛾,ウルガモス
638,638,Cobalion,勾帕路翁,勾帕路翁,コバルオン
639,639,Terrakion,代拉基翁,代拉基翁,テラキオン
640,640,Virizion,毕力吉翁,畢力吉翁,ビリジオン
641,641,Tornadus,龙卷云,龍捲雲,トルネロス
642,642,Thundurus,雷电云,雷電雲,ボルトロス
643,643,Reshiram,莱希拉姆,萊希拉姆,レシラム
644,644,Zekrom,捷克罗姆,捷克羅姆,ゼクロム
645,645,Landorus,土地云,土地雲,ランドロス
646,646,Kyurem,酋雷姆,酋雷姆,キュレム
647,647,Keldeo,凯路迪欧,凱路迪歐,ケルディオ
648,648,Meloetta,美洛耶塔,美洛耶塔,メロエッタ
649,649,Genesect,盖诺赛克特,蓋諾賽克特,ゲノセクト
650,650,Chespin,哈力栗,哈力栗,ハリマロン
651,651,Quilladin,胖胖哈力,胖胖哈力,ハリボーグ
652,652,Chesnaught,布里卡隆,布里卡隆,ブリガロン
653,653,Fennekin,火狐狸,火狐狸,フォッコ
654,654,Braixen,长尾火狐,長尾火狐,テールナー
655,655,Delphox,妖火红狐,妖火紅狐,マフォクシー
656,656,Froakie,呱呱泡蛙,呱呱泡蛙,ケロマツ
657,657,Frogadier,呱头蛙,呱頭蛙,ゲコガシラ
658,658,Greninja,甲贺忍蛙,甲賀忍蛙,ゲッコウガ
659,659,Bunnelby,掘掘兔,掘掘兔,ホルビー
660,660,Diggersby,掘地兔,掘地兔,ホルード
661,661,Fletchling,小箭雀,小箭雀,ヤヤコマ
662,662,Fletchinder,火箭雀,火箭雀,ヒノヤコマ
663,663,Talonflame,烈箭鹰,烈箭鷹,ファイアロー
664,664,Scatterbug,粉蝶虫,粉蝶蟲,コフキムシ
665,665,Spewpa,粉蝶蛹,粉蝶蛹,コフーライ
666,666,Vivillon,彩粉蝶,彩粉蝶,ビビヨン
667,667,Litleo,小狮狮,小獅獅,シシコ
668,668,Pyroar,火炎狮,火炎獅,カエンジシ
669,669,Flabebe,花蓓蓓,花蓓蓓,フラベベ
670,670,Floette,花叶蒂,花葉蒂,フラエッテ
671,671,Florges,花洁夫人,花潔夫人,フラージェス
672,672,Skiddo,坐骑小羊,坐騎小羊,メェークル
673,673,Gogoat,坐骑山羊,坐騎山羊,ゴーゴート
674,674,Pancham,顽皮熊猫,頑皮熊貓,ヤンチャム
675,675,Pangoro,霸道熊猫,流氓熊貓,ゴロンダ
676,676,Furfrou,多丽米亚,多麗米亞,トリミアン
677,677,Espurr,妙喵,妙喵,ニャスパー
678,678,Meowstic,超能妙喵,超能妙喵,ニャオニクス
679,679,Honedge,独剑鞘,獨劍鞘,ヒトツキ
680,680,Doublade,双剑鞘,雙劍鞘,ニダンギル
681,681,Aegislash,坚盾剑怪,堅盾劍怪,ギルガルド
682,682,Spritzee,粉香香,粉香香,シュシュプ
683,683,Aromatisse,芳香精,芳香精,フレフワン
684,684,Swirlix,绵绵泡芙,綿綿泡芙,ペロッパフ
685,685,Slurpuff,胖甜妮,胖甜妮,ペロリーム
686,686,Inkay,好啦鱿,好啦魷,マーイーカ
687,687,Malamar,乌贼王,烏賊王,カラマネロ
688,688,Binacle,龟脚脚,龜腳腳,カメテテ
689,689,Barbaracle,龟足巨铠,龜足巨鎧,ガメノデス
690,690,Skrelp,垃垃藻,垃垃藻,クズモー
691,691,Dragalge,毒藻龙,毒藻龍,ドラミドロ
692,692,Clauncher,铁臂枪虾,鐵臂槍蝦,ウデッポウ
693,693,Clawitzer,钢炮臂虾,鋼炮臂蝦,ブロスター
694,694,Helioptile,伞电蜥,傘電蜥,エリキテル
695,695,Heliolisk,光电伞蜥,光電傘蜥,エレザード
696,696,Tyrunt,宝宝暴龙,寶寶暴龍,チゴラス
697,697,Tyrantrum,怪颚龙,怪顎龍,ガチゴラス
698,698,Amaura,冰雪龙,冰雪龍,アマルス
699,699,Aurorus,冰雪巨龙,冰雪巨龍,アマルルガ
700,700,Sylveon,仙子伊布,仙子伊布,ニンフィア
701,701,Hawlucha,摔角鹰人,摔角鷹人,ルチャブル
702,702,Dedenne,咚咚鼠,咚咚鼠,デデンネ
703,703,Carbink,小碎钻,小碎鑽,メレシー
704,704,Goomy,黏黏宝,黏黏寶,ヌメラ
705,705,Sliggoo,黏美儿,黏美兒,ヌメイル
706,706,Goodra,黏美龙,黏美龍,ヌメルゴン
707,707,Klefki,钥圈儿,鑰圈兒,クレッフィ
708,708,Phantump,小木灵,小木靈,ボクレー
709,709,Trevenant,朽木妖,朽木妖,オーロット
710,710,Pumpkaboo,南瓜精,南瓜精,バケッチャ
711,711,Gourgeist,南瓜怪人,南瓜怪人,パンプジン
712,712,Bergmite,冰宝,冰寶,カチコール
713,713,Avalugg,冰岩怪,冰岩怪,クレベース
714,714,Noibat,嗡蝠,嗡蝠,オンバット
715,715,Noivern,音波龙,音波龍,オンバーン
716,716,Xerneas,哲尔尼亚斯,哲爾尼亞斯,ゼルネアス
717,717,Yveltal,伊裴尔塔尔,伊裴爾塔爾,イベルタル
718,718,Zygarde,基格尔德,基格爾德,ジガルデ
719,719,Diancie,蒂安希,蒂安希,ディアンシー
720,720,Hoopa,胡帕,胡帕,フーパ
721,721,Volcanion,波尔凯尼恩,波爾凱尼恩,ボルケニオン
722,722,Rowlet,木木枭,木木梟,モクロー
723,723,Dartrix,投羽枭,投羽梟,フクスロー
724,724,Decidueye,狙射树枭,狙射樹梟,ジュナイパー
725,725,Litten,火斑喵,火斑喵,ニャビー
726,726,Torracat,炎热喵,炎熱喵,ニャヒート
727,727,Incineroar,炽焰咆哮虎,熾焰咆哮虎,ガオガエン
728,728,Popplio,球球海狮,球球海獅,アシマリ
729,729,Brionne,花漾海狮,花漾海獅,オシャマリ
730,730,Primarina,西狮海壬,西獅海壬,アシレーヌ
731,731,Pikipek,小笃儿,小篤兒,ツツケラ
732,732,Trumbeak,喇叭啄鸟,喇叭啄鳥,ケララッパ
733,733,Toucannon,铳嘴大鸟,銃嘴大鳥,ドデカバシ
734,734,Yungoos,猫鼬少,貓鼬少,ヤングース
735,735,Gumshoos,猫鼬探长,貓鼬探長,デカグース
736,736,Grubbin,强颚鸡母虫,強顎雞母蟲,アゴジムシ
737,737,Charjabug,虫电宝,蟲電寶,デンヂムシ
738,738,Vikavolt,锹农炮虫,鍬農炮蟲,クワガノン
739,739,Crabrawler,好胜蟹,好勝蟹,マケンカニ
740,740,Crabominable,好胜毛蟹,好勝毛蟹,ケケンカニ
741,741,Oricorio,花舞鸟,花舞鳥,オドリドリ
742,742,Cutiefly,萌虻,萌虻,アブリー
743,743,Ribombee,蝶结萌虻,蝶結萌虻,アブリボン
744,744,Rockruff,岩狗狗,岩狗狗,イワンコ
745,745,Lycanroc,鬃岩狼人,鬃岩狼人,ルガルガン
746,746,Wishiwashi,弱丁鱼,弱丁魚,ヨワシ
747,747,Mareanie,好坏星,好壞星,ヒドイデ
748,748,Toxapex,超坏星,超壞星,ドヒドイデ
749,749,Mudbray,泥驴仔,泥驢仔,ドロバンコ
750,750,Mudsdale,重泥挽马,重泥挽馬,バンバドロ
751,751,Dewpider,滴蛛,滴蛛,シズクモ
752,752,Araquanid,滴蛛霸,滴蛛霸,オニシズクモ
753,753,Fomantis,伪螳草,偽螳草,カリキリ
754,754,Lurantis,兰螳花,蘭螳花,ラランテス
755,755,Morelull,睡睡菇,睡睡菇,ネマシュ
756,756,Shiinotic,灯罩夜菇,燈罩夜菇,マシェード
757,757,Salandit,夜盗火蜥,夜盜火蜥,ヤトウモリ
758,758,Salazzle,焰后蜥,焰后蜥,エンニュート
759,759,Stufful,童偶熊,童偶熊,ヌイコグマ
760,760,Bewear,穿着熊,穿著熊,キテルグマ
761,761,Bounsweet,甜竹竹,甜竹竹,アマカジ
762,762,Steenee,甜舞妮,甜舞妮,アママイコ
763,763,Tsareena,甜冷美后,甜冷美后,アマージョ
764,764,Comfey,花疗环环,花療環環,キュワワー
765,765,Oranguru,智挥猩,智揮猩,ヤレユータン
766,766,Passimian,投掷猴,投擲猴,ナゲツケサル
767,767,Wimpod,胆小虫,膽小蟲,コソクムシ
768,768,Golisopod,具甲武者,具甲武者,グソクムシャ
769,769,Sandygast,沙丘娃,沙丘娃,スナバァ
770,770,Palossand,噬沙堡爷,噬沙堡爺,シロデスナ
771,771,Pyukumuku,拳海参,拳海參,ナマコブシ
772,772,Type: Null,属性：空,屬性：空,タイプ：ヌル
773,773,Silvally,银伴战兽,銀伴戰獸,シルヴァディ
774,774,Minior,小陨星,小隕星,メテノ
775,775,Komala,树枕尾熊,樹枕尾熊,ネッコアラ
776,776,Turtonator,爆焰龟兽,爆焰龜獸,バクガメス
777,777,Togedemaru,托戈德玛尔,托戈德瑪爾,トゲデマル
778,778,Mimikyu,谜拟丘,謎擬Ｑ,ミミッキュ
779,779,Bruxish,磨牙彩皮鱼,磨牙彩皮魚,ハギギシリ
780,780,Drampa,老翁龙,老翁龍,ジジーロン
781,781,Dhelmise,破破舵轮,破破舵輪,ダダリン
782,782,Jangmo-O,心鳞宝,心鱗寶,ジャラコ
783,783,Hakamo-O,鳞甲龙,鱗甲龍,ジャランゴ
784,784,Kommo-O,杖尾鳞甲龙,杖尾鱗甲龍,ジャラランガ
785,785,Tapu Koko,卡璞・鸣鸣,卡璞・鳴鳴,カプ・コケコ
786,786,Tapu Lele,卡璞・蝶蝶,卡璞・蝶蝶,カプ・テテフ
787,787,Tapu Bulu,卡璞・哞哞,卡璞・哞哞,カプ・ブルル
788,788,Tapu Fini,卡璞・鳍鳍,卡璞・鰭鰭,カプ・レヒレ
789,789,Cosmog,科斯莫古,科斯莫古,コスモッグ
790,790,Cosmoem,科斯莫姆,科斯莫姆,コスモウム
791,791,Solgaleo,索尔迦雷欧,索爾迦雷歐,ソルガレオ
792,792,Lunala,露奈雅拉,露奈雅拉,ルナアーラ
793,793,Nihilego,虚吾伊德,虛吾伊德,ウツロイド
794,794,Buzzwole,爆肌蚊,爆肌蚊,マッシブーン
795,795,Pheromosa,费洛美螂,費洛美螂,フェローチェ
796,796,Xurkitree,电束木,電束木,デンジュモク
797,797,Celesteela,铁火辉夜,鐵火輝夜,テッカグヤ
798,798,Kartana,纸御剑,紙御劍,カミツルギ
799,799,Guzzlord,恶食大王,惡食大王,アクジキング
800,800,Necrozma,奈克洛兹玛,奈克洛茲瑪,ネクロズマ
801,801,Magearna,玛机雅娜,瑪機雅娜,マギアナ
802,802,Marshadow,玛夏多,瑪夏多,マーシャドー
803,803,Poipole,毒贝比,毒貝比,ベベノム
804,804,Naganadel,四颚针龙,四顎針龍,アーゴヨン
805,805,Stakataka,垒磊石,壘磊石,ツンデツンデ
806,806,Blacephalon,砰头小丑,砰頭小丑,ズガドーン
807,807,Zeraora,捷拉奥拉,捷拉奧拉,ゼラオラ
808,808,Meltan,美录坦,美錄坦,メルタン
809,809,Melmetal,美录梅塔,美錄梅塔,メルメタル
810,810,Grookey,敲音猴,敲音猴,サルノリ
811,811,Thwackey,啪咚猴,啪咚猴,バチンキー
812,812,Rillaboom,轰擂金刚猩,轟擂金剛猩,ゴリランダー
813,813,Scorbunny,炎兔儿,炎兔兒,ヒバニー
814,814,Raboot,腾蹴小将,騰蹴小將,ラビフット
815,815,Cinderace,闪焰王牌,閃焰王牌,エースバーン
816,816,Sobble,泪眼蜥,淚眼蜥,メッソン
817,817,Drizzile,变涩蜥,變澀蜥,ジメレオン
818,818,Inteleon,千面避役,千面避役,インテレオン
819,819,Skwovet,贪心栗鼠,貪心栗鼠,ホシガリス
820,820,Greedent,藏饱栗鼠,藏飽栗鼠,ヨクバリス
821,821,Rookidee,稚山雀,稚山雀,ココガラ
822,822,Corvisquire,蓝鸦,藍鴉,アオガラス
823,823,Corviknight,钢铠鸦,鋼鎧鴉,アーマーガア
824,824,Blipbug,索侦虫,索偵蟲,サッチムシ
825,825,Dottler,天罩虫,天罩蟲,レドームシ
826,826,Orbeetle,以欧路普,以歐路普,イオルブ
827,827,Nickit,狡小狐,偷兒狐,クスネ
828,828,Thievul,猾大狐,狐大盜,フォクスライ
829,829,Gossifleur,幼棉棉,幼棉棉,ヒメンカ
830,830,Eldegoss,白蓬蓬,白蓬蓬,ワタシラガ
831,831,Wooloo,毛辫羊,毛辮羊,ウールー
832,832,Dubwool,毛毛角羊,毛毛角羊,バイウールー
833,833,Chewtle,咬咬龟,咬咬龜,カムカメ
834,834,Drednaw,暴噬龟,暴噬龜,カジリガメ
835,835,Yamper,来电汪,來電汪,ワンパチ
836,836,Boltund,逐电犬,逐電犬,パルスワン
837,837,Rolycoly,小炭仔,小炭仔,タンドン
838,838,Carkol,大炭车,大炭車,トロッゴン
839,839,Coalossal,巨炭山,巨炭山,セキタンザン
840,840,Applin,啃果虫,啃果蟲,カジッチュ
841,841,Flapple,苹裹龙,蘋裹龍,アップリュー
842,842,Appletun,丰蜜龙,豐蜜龍,タルップル
843,843,Silicobra,沙包蛇,沙包蛇,スナヘビ
844,844,Sandaconda,沙螺蟒,沙螺蟒,サダイジャ
845,845,Cramorant,古月鸟,古月鳥,ウッウ
846,846,Arrokuda,刺梭鱼,刺梭魚,サシカマス
847,847,Barraskewda,戽斗尖梭,戽斗尖梭,カマスジョー
848,848,Toxel,电音婴,毒電嬰,エレズン
849,849,Toxtricity,颤弦蝾螈,顫弦蠑螈,ストリンダー
850,850,Sizzlipede,烧火蚣,燒火蚣,ヤクデ
851,851,Centiskorch,焚焰蚣,焚焰蚣,マルヤクデ
852,852,Clobbopus,拳拳蛸,拳拳蛸,タタッコ
853,853,Grapploct,八爪武师,八爪武師,オトスパス
854,854,Sinistea,来悲茶,來悲茶,ヤバチャ
855,855,Polteageist,怖思壶,怖思壺,ポットデス
856,856,Hatenna,迷布莉姆,迷布莉姆,ミブリム
857,857,Hattrem,提布莉姆,提布莉姆,テブリム
858,858,Hatterene,布莉姆温,布莉姆溫,ブリムオン
859,859,Impidimp,捣蛋小妖,搗蛋小妖,ベロバー
860,860,Morgrem,诈唬魔,詐唬魔,ギモー
861,861,Grimmsnarl,长毛巨魔,長毛巨魔,オーロンゲ
862,862,Obstagoon,堵拦熊,堵攔熊,タチフサグマ
863,863,Perrserker,喵头目,喵頭目,ニャイキング
864,864,Cursola,魔灵珊瑚,魔靈珊瑚,サニゴーン
865,865,Sirfetch’d,葱游兵,蔥遊兵,ネギガナイト
866,866,Mr. Rime,踏冰人偶,踏冰人偶,バリコオル
867,867,Runerigus,迭失板,死神板,デスバーン
868,868,Milcery,小仙奶,小仙奶,マホミル
869,869,Alcremie,霜奶仙,霜奶仙,マホイップ
870,870,Falinks,列阵兵,列陣兵,タイレーツ
871,871,Pincurchin,啪嚓海胆,啪嚓海膽,バチンウニ
872,872,Snom,雪吞虫,雪吞蟲,ユキハミ
873,873,Frosmoth,雪绒蛾,雪絨蛾,モスノウ
874,874,Stonjourner,巨石丁,巨石丁,イシヘンジン
875,875,Eiscue,冰砌鹅,冰砌鵝,コオリッポ
876,876,Indeedee,爱管侍,愛管侍,イエッサン
877,877,Morpeko,莫鲁贝可,莫魯貝可,モルペコ
878,878,Cufant,铜象,銅象,ゾウドウ
879,879,Copperajah,大王铜象,大王銅象,ダイオウドウ
880,880,Dracozolt,雷鸟龙,雷鳥龍,パッチラゴン
881,881,Arctozolt,雷鸟海兽,雷鳥海獸,パッチルドン
882,882,Dracovish,鳃鱼龙,鰓魚龍,ウオノラゴン
883,883,Arctovish,鳃鱼海兽,鰓魚海獸,ウオチルドン
884,884,Duraludon,铝钢龙,鋁鋼龍,ジュラルドン
885,885,Dreepy,多龙梅西亚,多龍梅西亞,ドラメシヤ
886,886,Drakloak,多龙奇,多龍奇,ドロンチ
887,887,Dragapult,多龙巴鲁托,多龍巴魯托,ドラパルト
888,888,Zacian,苍响,蒼響,ザシアン
889,889,Zamazenta,藏玛然特,藏瑪然特,ザマゼンタ
890,890,Eternatus,无极汰那,無極汰那,ムゲンダイナ
891,891,Kubfu,熊徒弟,熊徒弟,ダクマ
892,892,Urshifu,武道熊师,武道熊師,ウーラオス
893,893,Zarude,萨戮德,薩戮德,ザルード
894,894,Regieleki,雷吉艾勒奇,雷吉艾勒奇,レジエレキ
895,895,Regidrago,雷吉铎拉戈,雷吉鐸拉戈,レジドラゴ
896,896,Glastrier,雪暴马,雪暴馬,ブリザポス
897,897,Spectrier,灵幽马,靈幽馬,レイスポス
898,898,Calyrex,蕾冠王,蕾冠王,バドレックス
899,899,Wyrdeer,诡角鹿,詭角鹿,アヤシシ
900,900,Kleavor,劈斧螳螂,劈斧螳螂,バサギリ
901,901,Ursaluna,月月熊,月月熊,ガチグマ
902,902,Basculegion,幽尾玄鱼,幽尾玄魚,イダイトウ
903,903,Sneasler,大狃拉,大狃拉,オオニューラ
904,904,Overqwil,万针鱼,萬針魚,ハリーマン
905,905,Enamorus,眷恋云,眷戀雲,ラブトロス
906,906,Sprigatito,新叶喵,新葉喵,ニャオハ
907,907,Floragato,蒂蕾喵,蒂蕾喵,ニャローテ
908,908,Meowscarada,魔幻假面喵,魔幻假面喵,マスカーニャ
909,909,Fuecoco,呆火鳄,呆火鱷,ホゲータ
910,910,Crocalor,炙烫鳄,炙燙鱷,アチゲータ
911,911,Skeledirge,骨纹巨声鳄,骨紋巨聲鱷,ラウドボーン
912,912,Quaxly,润水鸭,潤水鴨,クワッス
913,913,Quaxwell,涌跃鸭,湧躍鴨,ウェルカモ
914,914,Quaquaval,狂欢浪舞鸭,狂歡浪舞鴨,ウェーニバル
915,915,Lechonk,爱吃豚,愛吃豚,グルトン
916,916,Oinkologne,飘香豚,飄香豚,パフュートン
917,917,Tarountula,团珠蛛,團珠蛛,タマンチュラ
918,918,Spidops,操陷蛛,操陷蛛,ワナイダー
919,919,Nymble,豆蟋蟀,豆蟋蟀,マメバッタ
920,920,Lokix,烈腿蝗,烈腿蝗,エクスレッグ
921,921,Pawmi,布拨,布撥,パモ
922,922,Pawmo,布土拨,布土撥,パモット
923,923,Pawmot,巴布土拨,巴布土撥,パーモット
924,924,Tandemaus,一对鼠,一對鼠,ワッカネズミ
925,925,Maushold,一家鼠,一家鼠,イッカネズミ
926,926,Fidough,狗仔包,狗仔包,パピモッチ
927,927,Dachsbun,麻花犬,麻花犬,バウッツェル
928,928,Smoliv,迷你芙,迷你芙,ミニーブ
929,929,Dolliv,奥利纽,奧利紐,オリーニョ
930,930,Arboliva,奥利瓦,奧利瓦,オリーヴァ
931,931,Squawkabilly,怒鹦哥,怒鸚哥,イキリンコ
932,932,Nacli,盐石宝,鹽石寶,コジオ
933,933,Naclstack,盐石垒,鹽石壘,ジオヅム
934,934,Garganacl,盐石巨灵,鹽石巨靈,キョジオーン
935,935,Charcadet,炭小侍,炭小侍,カルボウ
936,936,Armarouge,红莲铠骑,紅蓮鎧騎,グレンアルマ
937,937,Ceruledge,苍炎刃鬼,蒼炎刃鬼,ソウブレイズ
938,938,Tadbulb,光蚪仔,光蚪仔,ズピカ
939,939,Bellibolt,电肚蛙,電肚蛙,ハラバリー
940,940,Wattrel,电海燕,電海燕,カイデン
941,941,Kilowattrel,大电海燕,大電海燕,タイカイデン
942,942,Maschiff,偶叫獒,偶叫獒,オラチフ
943,943,Mabosstiff,獒教父,獒教父,マフィティフ
944,944,Shroodle,滋汁鼹,滋汁鼴,シルシュルー
945,945,Grafaiai,涂标客,塗標客,タギングル
946,946,Bramblin,纳噬草,納噬草,アノクサ
947,947,Brambleghast,怖纳噬草,怖納噬草,アノホラグサ
948,948,Toedscool,原野水母,原野水母,ノノクラゲ
949,949,Toedscruel,陆地水母,陸地水母,リククラゲ
950,950,Klawf,毛崖蟹,毛崖蟹,ガケガニ
951,951,Capsakid,热辣娃,熱辣娃,カプサイジ
952,952,Scovillain,狠辣椒,狠辣椒,スコヴィラン
953,953,Rellor,虫滚泥,蟲滾泥,シガロコ
954,954,Rabsca,虫甲圣,蟲甲聖,ベラカス
955,955,Flittle,飘飘雏,飄飄雛,ヒラヒナ
956,956,Espathra,超能艳鸵,超能艷鴕,クエスパトラ
957,957,Tinkatink,小锻匠,小鍛匠,カヌチャン
958,958,Tinkatuff,巧锻匠,巧鍛匠,ナカヌチャン
959,959,Tinkaton,巨锻匠,巨鍛匠,デカヌチャン
960,960,Wiglett,海地鼠,海地鼠,ウミディグダ
961,961,Wugtrio,三海地鼠,三海地鼠,ウミトリオ
962,962,Bombirdier,下石鸟,下石鳥,オトシドリ
963,963,Finizen,波普海豚,波普海豚,ナミイルカ
964,964,Palafin,海豚侠,海豚俠,イルカマン
965,965,Varoom,噗隆隆,噗隆隆,ブロロン
966,966,Revavroom,普隆隆姆,普隆隆姆,ブロロローム
967,967,Cyclizar,摩托蜥,摩托蜥,モトトカゲ
968,968,Orthworm,拖拖蚓,拖拖蚓,ミミズズ
969,969,Glimmet,晶光芽,晶光芽,キラーメ
970,970,Glimmora,晶光花,晶光花,キラフロル
971,971,Greavard,墓仔狗,墓仔狗,ボチ
972,972,Houndstone,墓扬犬,墓揚犬,ハカドッグ
973,973,Flamigo,纏红鹤,纏紅鶴,カラミンゴ
974,974,Cetoddle,走鲸,走鯨,アルクジラ
975,975,Cetitan,浩大鲸,浩大鯨,ハルクジラ
976,976,Veluza,轻身鳕,輕身鱈,ミガルーサ
977,977,Dondozo,吃吼霸,吃吼霸,ヘイラッシャ
978,978,Tatsugiri,米立龙,米立龍,シャリタツ
979,979,Annihilape,弃世猴,棄世猴,コノヨザル
980,980,Clodsire,土王,土王,ドオー
981,981,Farigiraf,奇麒麟,奇麒麟,リキキリン
982,982,Dudunsparce,土龙节节,土龍節節,ノココッチ
983,983,Kingambit,仆刀将军,仆刀將軍,ドドゲザン
984,984,Great Tusk,雄伟牙,雄偉牙,イダイナキバ
985,985,Scream Tail,吼叫尾,吼叫尾,サケブシッポ
986,986,Brute Bonnet,猛恶菇,猛惡菇,アラブルタケ
987,987,Flutter Mane,振翼发,振翼髮,ハバタクカミ
988,988,Slither Wing,爬地翅,爬地翅,チヲハウハネ
989,989,Sandy Shocks,沙铁皮,沙鐵皮,スナノケガワ
990,990,Iron Treads,铁轍迹,鐵轍跡,テツノワダチ
991,991,Iron Bundle,铁包袱,鐵包袱,テツノツツミ
992,992,Iron Hands,铁臂膀,鐵臂膀,テツノカイナ
993,993,Iron Jugulis,铁脖颈,鐵脖頸,テツノコウベ
994,994,Iron Moth,铁毒蛾,鐵毒蛾,テツノドクガ
995,995,Iron Thorns,铁荆棘,鐵荊棘,テツノイバラ
996,996,Frigibax,凉脊龙,涼脊龍,セビエ
997,997,Arctibax,冻脊龙,凍脊龍,セゴール
998,998,Baxcalibur,戟脊龙,戟脊龍,セグレイブ
999,999,Gimmighoul,索财灵,索財靈,コレクレー
1000,1000,Gholdengo,赛富豪,賽富豪,サーフゴー
1001,1001,Wo-Chien,古简蜗,古簡蝸,チオンジェン
1002,1002,Chien-Pao,古剑豹,古劍豹,パオジアン
1003,1003,Ting-Lu,古鼎鹿,古鼎鹿,ディンルー
1004,1004,Chi-Yu,古玉鱼,古玉魚,イーユイ
1005,1005,Roaring Moon,轰鸣月,轟鳴月,トドロクツキ
1006,1006,Iron Valiant,铁武者,鐵武者,テツノブジン
1007,1007,Koraidon,故勒顿,故勒頓,コライドン
1008,1008,Miraidon,密勒顿,密勒頓,ミライドン
1009,1009,Walking Wake,波荡水,波盪水,ウネルミナモ
1010,1010,Iron Leaves,铁斑叶,鐵斑葉,テツノイサハ
1011,1011,Dipplin,裹蜜虫,裹蜜蟲,カミッチュ
1012,1012,Poltchageist,斯魔茶,斯魔茶,チャデス
1013,1013,Sinistcha,来悲粗茶,來悲粗茶,ヤバソチャ
1014,1014,Okidogi,够赞狗,夠讚狗,イイネイヌ
1015,1015,Munkidori,愿增猿,願增猿,マシマシラ
1016,1016,Fezandipiti,吉雉鸡,吉雉雞,キチキギス
1017,1017,Ogerpon,厄诡椪,厄鬼椪,オーガポン
1018,1018,Archaludon,铝钢桥龙,鋁鋼橋龍,ブリジュラス
1019,1019,Hydrapple,蜜集大蛇,蜜集大蛇,カミツオロチ
1020,1020,Gouging Fire,破空焰,破空焰,ウガツホムラ
1021,1021,Raging Bolt,猛雷鼓,猛雷鼓,タケルライコ
1022,1022,Iron Boulder,鐵磐岩,铁磐岩,テツノイワオ
1023,1023,Iron Crown,鐵頭殼,铁头壳,テツノカシラ
1024,1024,Terapagos,太乐巴戈斯,太樂巴戈斯,テラパゴス
1025,1025,Pecharunt,桃歹郎,桃歹郎,モモワロウ
